Method,Accuracy
Custom Fields,0
Subscription List BOW,"('ACCURACY--> Bayes:', 0.375, '|RForest:', 0.40625, '|SVM:', 0.375, '|SGD:', 0.40625, 'F-SCORE--> Bayes:', array([ 0.        ,  0.18181818,  0.36363636,  0.47058824,  0.4       ,  0.        ]), '|RForest:', array([ 0.        ,  0.53333333,  0.22222222,  0.47058824,  0.        ,  0.        ]), '|SVM:', array([ 0.        ,  0.55172414,  0.2       ,  0.4       ,  0.        ,  0.        ]), '|SGD:', array([ 0.        ,  0.53333333,  0.22222222,  0.375     ,  0.4       ,  0.        ]))"
Tweets BOW,"('ACCURACY--> Bayes:', 0.61233480176211452, '|RForest:', 0.60792951541850215, '|SVM:', 0.62555066079295152, '|SGD:', 0.6035242290748899, 'F-SCORE--> Bayes:', array([ 0.        ,  0.78350515,  0.12903226,  0.58974359,  0.        ,  0.        ]), '|RForest:', array([ 0.11111111,  0.77090909,  0.22857143,  0.64935065,  0.        ,  0.        ]), '|SVM:', array([ 0.20408163,  0.79562044,  0.24242424,  0.575     ,  0.13333333,  0.        ]), '|SGD:', array([ 0.20408163,  0.79104478,  0.13333333,  0.61016949,  0.26666667,  0.        ]))"
Tweets Bigram,"('ACCURACY--> Bayes:', 0.65198237885462551, '|RForest:', 0.6035242290748899, '|SVM:', 0.5903083700440529, '|SGD:', 0.54625550660792954, 'F-SCORE--> Bayes:', array([ 0.5       ,  0.82251082,  0.43333333,  0.58823529,  0.2       ,  0.        ]), '|RForest:', array([ 0.08      ,  0.77256318,  0.25641026,  0.61333333,  0.        ,  0.        ]), '|SVM:', array([ 0.41025641,  0.75      ,  0.42307692,  0.44067797,  0.36363636,  0.        ]), '|SGD:', array([ 0.11538462,  0.78700361,  0.        ,  0.16216216,  0.31578947,  0.        ]))"
