Method,Accuracy
Custom Fields,0.436842105263
Subscription List BOW,0.410526315789
Tweets BOW,0.531578947368
Tweets Bigram,0.489473684211
