Method,Accuracy
Custom Fields,"('Bayes:', 0.37799043062200954, '|RForest:', 0.49760765550239233)"
Subscription List BOW,"('Bayes:', 0.51196172248803828, '|RForest:', 0.51196172248803828, '|NeuralN:', 0.52153110047846885)"
Tweets BOW,"('Bayes:', 0.60765550239234445, '|RForest:', 0.55980861244019142, '|NeuralN:', 0.55023923444976075, '|SVM:', 0.54066985645933019, '|SGD:', 0.57416267942583732)"
Tweets Bigram,"('Bayes:', 0.61244019138755978, '|RForest:', 0.57416267942583732, '|NeuralN:', 0.49282296650717705)"
